status,platform,works_name,artist_name,author,illustrator,original_author,age_classification,genre,works_type,description,hashtags,thumbnail_url,source_url
신규,kakao_page,악녀라서 편하고 좋은데요?,"망고킴, 수달, 요테",수달,요테,망고킴,전체연령가,로판,웹툰,"""악녀라서 뭐? 편하고 좋기만 한데?""2020년 카카오페이지 올해의 웹소설<악녀라서 편하고 좋은데요?>웹툰으로 화려하게 다시 태어나다!은수저X, 금수저X:+: 오리하르콘 수저 :+: 악녀로 빙의한 윤도희180,000,000도 인생 역전에 성공한다.소심한 본체 그렇지 못한 걸크러시 비주얼,빙의 전 이대생 출신으로서의 지식까지 써먹게 되면서 완벽 그 잡채!게.다.가현대였으면 강남에 빌딩 몇 개 세울 외모의이시도르(a.k.a 이시돌, 이서방)까지?'악녀라서 미움만 받다가 금방 죽는 줄 알았는데,이거 완전 복권 당첨이잖아!!!!'--------------------------------*매주 수요일(화요일 22시) 연재됩니다*","로맨스판타지, 빙의물, 재벌남, 능력남, 능력녀, 걸크러쉬, 사이다녀, 로맨틱코미디",https://page-images.kakaoentcdn.com/download/resource?kid=l0XA3/dJMcafGm4Gv/bTK9hRj7Wf6VYZWBqL7df0&filename=o1/dims/resize/384,https://page.kakao.com/content/60728286
신규,kakao_page,이번 생은 가주가 되겠습니다,"김로아, 앤트스튜디오, 앤트스튜디오, 몬",앤트스튜디오,"앤트스튜디오, 몬",김로아,전체연령가,로판,웹툰,"“…한번 해 보자. 내가 가주가 되는 거야.”제국에서 제일가는 가문, 롬바르디의 사생아로 환생한 피렌티아.게다가 이 가문은 막대한 부는 물론 외교와 문화까지 통달한말그대로 제국의 역사 자체!금수저 오브 금수저 인생 당첨!앞으로는 탄탄대로일 거라 생각했는데….아버지는 돌아가시고, 친척들은 문전박대,거기다 그 잘나가던 가문까지 쫄딱 망해 버릴 줄이야!!분통을 터트리며 술을 조금(?) 많이 마시며 돌아가는 길,마차에 치여버리기까지!“이건 해도 해도 너무하잖아….”하지만 원망도 잠시, 눈을 뜨니 일곱 살로 돌아왔다?!사랑하는 아버지를 다시 보는 것도 믿기지 않는데,내가 아버지와 가문을 살릴 수도 있다고?거기다 회귀 전 가문의 원수,2황자가 대형견마냥 졸졸 쫓아다니기까지?!좋아, 이렇게 된 거 2황자도 가문도 다 내 거다!환생에 회귀까지, 인생 3회차 피렌티아의 가주되기 프로젝트!**************************[표지 및 타이틀 로고 디자인] 조정원**************************웹툰 [이번 생은 가주가 되겠습니다]는 매주 월요일, 주1회 연재됩니다.","로맨스판타지, 육아물, 성장물, 회귀물, 대형견남, 능력녀",https://page-images.kakaoentcdn.com/download/resource?kid=bUpyjK/dJMcagYIkvS/2JkDCGHTnspcqHCRMWFGR1&filename=o1/dims/resize/384,https://page.kakao.com/content/56566288
신규,kakao_page,악녀인데 남주랑 각인했다,아일,아일,아일,,15세 이용가,로판,소설,"실수로 모르는 남자와 하룻밤을 보냈다.그런데 그 상대가 남주라니!‘그동안 원작이랑 다르게 살려고 얼마나 노력했는데!’비록 일이 이렇게 되어 버렸지만, 남주와 여주가 이어져야 한다는 사실에는 변함이 없었다.루시아나는 그대로 리히트를 두고 도망, 아니, 하룻밤 해프닝으로 넘어가려 하지만.“그건 불가능해.”“……네?”“어젯밤으로 인해 영애와 내가 각인했으니까.”맙소사. 남주와 이미 한 몸처럼 영혼이 묶여 버렸다.* * *“각인을 완전히 끊어 낼 때까지 조심하기로 해요.”“바라던 바다.”여주한테 남주랑 각인했다는 사실을 들키는 건 사절이었다.분명 서로 약속까지 했건만.“제길. 고운 손이 다 까져 버렸잖아.”살짝 생채기 난 거 가지고 호들갑을 떠는 것은 물론.“이번 봄제전은 무효다. 감히 영애 말고 누가 봄의 여신에 어울린다는 거지?”귀족들이 다 모인 곳에서 광역 어그로를 끌기까지?그것도 모자라.“루시, 제발 부탁이다……. 각인을 끊으려 하는 이유가 뭐지? 이제 그 빌어먹을 연구는 그만둬.”나와 각인한 걸 그렇게 싫어하던 남주가, 이제는 울면서 매달리기까지 한다.","로맨스판타지, 원나잇, 빙의물, 까칠남, 후회남, 상처남, 다정녀, 외유내강, 로맨틱코미디",https://page-images.kakaoentcdn.com/download/resource?kid=B86Oz/hAd4D9QK0h/ZkGFAK7MffR51hwSV5yQu0&filename=o1/dims/resize/384,https://page.kakao.com/content/62873271
신규,kakao_page,학원 베이비시터즈,HARI TOKEINO,HARI TOKEINO,HARI TOKEINO,,전체연령가,드라마,웹툰,"★25권 디지털 한정 보너스 페이지 수록★귀여움 대폭발! 남학생 류이치의 이색 「교내 육아」 스크램블★비행기 사고로 부모님을 잃은 류이치와 코타로 형제.같은 사고로 아들 부부를 잃은 모리노미야 학원 이사장 할머니는 형제를 맡아주는 대신,류이치에게 베이비시터부에 가입하여 교내 어린이 놀이방에서 알바를 하라고 명하는데-?!GAKUEN BABYSITTERS ⓒ HARI TOKEINO / HAKUSENSHA, INC.","일상물, 학원물, 현대물, 성장물, 일상, 가족, 형제/자매/남매, 친구, 학생, 고퀄리티, 귀여운, 두근거리는, 사랑스러운",https://page-images.kakaoentcdn.com/download/resource?kid=calOr2/dJMcabYq7lM/5Lvfqw5FdvdbBKpjgMkFAk&filename=o1/dims/resize/384,https://page.kakao.com/content/48399399
신규,kakao_page,제로의 사역마,"Yamaguchi Noboru, Usatsuka Eiji","Yamaguchi Noboru, Usatsuka Eiji","Yamaguchi Noboru, Usatsuka Eiji",,전체연령가,판타지,소설,"코믹 요소와 연애 요소, 그리고 판타지 요소와 액션이 짜임새 있게 구성된 인기작. TV 애니메이션이 3기까지 제작 확정되는 등 일본 현지는 물론, 국내에서도 인기를 누리고 있다. 소녀 루이즈는 사이토를 사역마로서 다른 세계로 '소환'한다. 어찌 된 영문인지 어리둥절해하고 있는 사이토에게 소녀는 '계약'이라 말하며 느닷없이 키스를 한다. 화낼 틈도 없이 손등에 이상한 문자가 떠오르고 사이토는 사역마가 된다. 하는 수 없이 사이토는 루이즈와 함께 지내며 원래 세계로 돌아갈 방법을 찾기 시작하는데...",차원이동,https://page-images.kakaoentcdn.com/download/resource?kid=bDmkiV/hyfMOCidxf/4sYDMKf3sk0l5clr5ACET0&filename=o1/dims/resize/384,https://page.kakao.com/content/47770686
신규,kakao_page,서브남 아빠를 지키는 법,허니슈,허니슈,허니슈,,전체연령가,로판,소설,"“네가 아스타를 살릴 방법을 알고 있다고? 네 말이 거짓이면 목숨을 내놓아야 할 거다.”이 무섭고도 아름다운 남자의 이름은 하르트 폰 라인하트. 황제에게 미움받는 제1황자이자, 성녀 아스타 아펠의 추종자인 원작의 서브남.전생에 좋아했던 그 캐릭터가 지금 나의 생물학적 친부였다. ‘원작 주인공 아스타는 당신을 이용하다 죽일 텐데.’나는 안타까움을 삼키고, 비장한 얼굴로 대답했다.“녜에!”“……하.”하르트는 내 알밤 같은 두 주먹을 어처구니없다는 듯 내려다보며 조소했다.이게 내 친부와는 첫 만남인 게 좀 어이없긴 해도, 아스타를 살릴 방법을 안다는 말은 진짜였다.물론 난 아스타를 살리러 온 게 아니라, 아스타에게 이용만 당하다 억울하게 죽게 되는 아빠를 구하러 온 거지만.뭐 꼭 아빠만 딸을 구하란 법 있나?아빠 기다려, 내가 구해줄테니까!일러스트 By 열음(@1Yeol_Eum)타이틀 디자인 By 타마(@fhxh0430)","로맨스판타지, 육아물, 빙의물, 천재, 순정남, 왕족/귀족, 능력녀, 엉뚱발랄녀, 외유내강, 달달물, 로맨틱코미디, 힐링물",https://page-images.kakaoentcdn.com/download/resource?kid=cUn97F/hyzT0KBs73/KL5lKkia2ywsJbhIGWedKK&filename=o1/dims/resize/384,https://page.kakao.com/content/60589851
신규,kakao_page,잊혀진 들판,"김수지, 스푼",스푼,스푼,김수지,15세 이용가,로판,웹툰,"- 난 매일 기도해이 사랑이 죽기를오늘까지만 너를 사랑하고내일은 이 사랑이 죽어 있기를 -불륜으로 태어난 비운의 황녀, 탈리아 로엠 귀르타.그녀는 무관심한 부모와 적대적인 이복형제들,그리고 자신을 경멸하는 하인들 틈에서 일그러진 채 자란다.다가오는 모든 이들에게 가시를 곤두세우는 것으로 스스로를 지켜 온 탈리아.그런 그녀조차도 한 사람의 앞에서만큼은 무방비한 상태가 되고 만다.그는 바로 동부의 귀공자, 바르카스 라에드고 시어칸.황실의 가신이자 대공의 후계자로서 완벽함을 강요받아온 그는학대에 가까운 훈육 속에서 대부분의 감정이 마비된 채 자라난다.오로지 가문의 명예와 의무만을 위해 존재하는 남자.그는 선황후(先皇后)와의 약속을 지키기 위해 탈리아의 이복언니 아일라와 혼약을 맺고,절망에 휩싸인 탈리아는 서서히 망가져 간다.그러나,죽음이 예정된 그녀의 사랑은 예상치 못한 변곡점을 맞이하게 되는데....","로맨스판타지, 가상시대물, 피폐물, 능력남, 악녀, 라이벌/앙숙",https://page-images.kakaoentcdn.com/download/resource?kid=o8o96/dJMcagea3Xu/Xtnu2mYEZc3YCh0Y71JLyk&filename=o1/dims/resize/384,https://page.kakao.com/content/69141031
신규,kakao_page,악녀인데 남주랑 각인했다,"아일, 메닮, 은랑",메닮,은랑,아일,15세 이용가,로판,웹툰,"실수로 모르는 남자와 하룻밤을 보냈다.그런데 그 상대가 남주라니!‘그동안 원작이랑 다르게 살려고 얼마나 노력했는데!’비록 일이 이렇게 되어 버렸지만, 남주와 여주가 이어져야 한다는 사실에는 변함이 없었다.루시아나는 그대로 리히트를 두고 도망, 아니, 하룻밤 해프닝으로 넘어가려 하지만.“그건 불가능해.”“……네?”“어젯밤으로 인해 영애와 내가 각인했으니까.”맙소사. 남주와 이미 한 몸처럼 영혼이 묶여 버렸다.","로맨스판타지, 로맨틱코미디, 원나잇, 달달물, 까칠남, 철벽남, 후회남, 상처남, 다정녀, 외유내강, 엉뚱발랄녀, 몸정>맘정, 수인물, 트라우마",https://page-images.kakaoentcdn.com/download/resource?kid=TTblf/dJMcagFvjtr/kLMaXEiMu6vjQJ4oInNgn1&filename=o1/dims/resize/384,https://page.kakao.com/content/67740423
신규,kakao_page,데뷔 못 하면 죽는 병 걸림,"백덕수, 장진, 소흔",장진,소흔,백덕수,전체연령가,드라마,웹툰,"4년 차 공시생,낯선 몸에 빙의해 3년 전으로 돌아왔다.그리고 그의 눈앞에 나타난 갑작스러운 상태창의 압박![돌발!][상태이상: '데뷔가 아니면 죽음을!' 발생!]돌연사 위협 때문에팔자에도 없던 아이돌에 도전하게 된주인공의 대환장 일지.※특이사항: 빙의 전 아이돌 데이터 찍어다 팔았었음","현대물, 회귀/타임슬립, 친구, 가수, 노블코믹, 고퀄리티, 귀여운, 두근거리는, 스릴 넘치는, 영혼체인지/빙의",https://page-images.kakaoentcdn.com/download/resource?kid=j8EWZ/dJMcaiQIXFR/Q1U8X13TsNHAbvBkljGQek&filename=o1/dims/resize/384,https://page.kakao.com/content/59782511
신규,kakao_page,흑표 가문의 설표 아기님,"김노랑, 코타비, 채로, 코타비",코타비,"채로, 코타비",김노랑,전체연령가,로판,웹툰,"잡종으로 태어나 외할아버지에게 학대당하다가 죽었다.내가 가문의 이능을 발현하지 못한 쓸모없는 아이였기 때문에.    기억을 가진 채 과거로 돌아왔지만, 선택지는 과거와 그리 다르지 않았다.이대로 살다가 전생과 똑같이 학대당해 죽거나, 나를 끔찍하게 싫어하는 아빠를 찾아가거나.    '다시 죽는 건 싫어.'    결국 나는 나를 끔찍하게 증오한다는 아빠를 찾아갔다.흑표 가문의 딸이라는 걸 증명할 수 있는 로켓 하나를 손에 꼭 쥐고서.    ""제가……, 제가 여기서 지낼 수 있게 해 주세요.""    내가 요청한 건 성년이 될 때까지의 보호.혼자 살 수 있는 나이가 되면 폐 끼치지 않고 나가서 살 생각이었다.나는 아무짝에도 쓸모없는 아이였으니까.    그런데…….    ""사랑하는 내 딸, 너를 건드리는 놈이 있다면 당장 그놈의 숨통을 끊어 버릴 거다.""    나를 싫어하는 줄 알았던 아빠는 내게 너무 상냥하고,    ""야, 페르디. 너 자꾸 티엘 번쩍번쩍 안지 말라고. 요맘때 여자애들은 아주 섬세하게 대해 줘야 한다고 했단 말이야.""""그 멍청한 이론은 또 어디서 배웠어? 티엘은 안아 주는 걸 좋아해.""    무섭다고 생각했던 두 오라버니들은 나를 너무 좋아하는 데다.    ""티엘, 네게 이 흑표 가문의 가주직을 넘길 생각이다.""    친할아버지는 갑자기 내게 가주직을 넘긴다고 한다.    저기…… 다들 저 싫어하시는 거 아니었어요?","회귀물, 수인물, 다정남, 왕족/귀족, 능력남, 순진녀, 달달물, 로맨틱코미디, 치유물, 힐링물, 육아물",https://page-images.kakaoentcdn.com/download/resource?kid=V6u4Y/dJMcagZp6Wg/iZJox0448KS2xRimnKGbW1&filename=o1/dims/resize/384,https://page.kakao.com/content/65913268
신규,kakao_page,멍문세가를 호령하는 아기 고양이입니다,"아울킴, 김단원, 이놀레",김단원,이놀레,아울킴,전체연령가,로판,웹툰,"내공을 쓰지 못한다는 이유로 부모에게 버려진 고양이 수인 홍설.비참한 죽음 뒤 다시 눈을 떠보니 죽기 직전으로 회귀해 있다.""넌 내가 찾아 헤매던 아이다.내게 무공을 배워 보겠느냐?""갈 곳 없는 홍설에게 무시무시한 '개' 수인 가문,남궁세가의 태상가주가 손을 내밀고홍설은 살아남기 위해 남궁세가로 들어간다.'고양이 수인이라는 사실을 들키면 쫓겨나고 말 거야!'매일 살얼음판을 걷는 홍설의 마음을 아는지 모르는지이놈의 멍멍이들, 날마다 찾아와 꼬리를 흔든다.단 한 명, 까칠한 첫째 멍멍이 남궁백만 빼고.","로맨스판타지, 회귀물, 육아물, 성장물, 무협물, 다정남, 순정남, 집착남, 능력녀, 상처녀, 엉뚱발랄녀, 외유내강, 치유물, 수인물",https://page-images.kakaoentcdn.com/download/resource?kid=szaTN/dJMcagkZ2yr/NEsA4U5RV4htigJNGvlDc1&filename=o1/dims/resize/384,https://page.kakao.com/content/69186189
신규,kakao_page,"아 하세요, 금수저 들어갑니다",포르토피노,포르토피노,포르토피노,,전체연령가,로판,소설,"“나도 반찬 싸움 말고 재산 싸움 한번 해보고 싶어! 형제의 난 한번 일으켜보자고!”대한민국 대표 흙수저로 억울한 삶을 마감했지만2회차는 드디어 재벌 딸이다!그것도 남부를 장악한 대재벌 세르지오 가의 후계자로!비록 세기말 악녀의 언니라는 단점이 있긴 했지만 무슨 상관?어차피 그 애는 시한부에 나는 후계자인데!하지만 그새를 못 참고 여동생은 뒤통수를 쳐주시고인생 목표였던 상단의 후계자 자리가 위태해진다.아버지가 돌아오시기 전까지는 2주,그사이 어떻게든 제국 최고의 신랑감을 데려와야 한다.그렇게 시작된 대신전 신랑감 원정대.젊고 능력 있고 잘생기면 더 좋고!한 가지가 아주 살짝 걸리긴 하지만…… 뭐 어때.어차피 계약결혼이니 ‘그런 건’ 확인할 일도 없을 텐데.“아, 안 될 것처럼 그러셨잖아요.”“……뭘?”“그거요. 그거!”우리가 어젯밤에 죽어라 뒹굴거렸던 바로 그거요.아델이 입술만 벙긋거리다 말고 그를 원망스레 바라보았다. 조각상 같은 고귀한 기사단장님 앞에서라면 부끄러울지도 모르겠지만 이미 이 남자도 한 마리 짐승이라는 걸 뼛속 깊이 체득했다.“아…… 그거 말이군요.”서늘한 웃음으로 다가온 킬리언이 그녀를 두 팔에 가두었다. 어깨를 지나쳐 귓가에 속삭이는 음성이 은근하게 울렸다.“제게 문제가 있다 말한 적은 없을 텐데.”#내신랑감은내손으로#신전오빠내거#재벌딸극한직업#아니라말한적없습니다,부인#책빙의#환생#계약결혼#표지 일러스트 : 녹시",,https://page-images.kakaoentcdn.com/download/resource?kid=GUvSL/hyuhqasV9z/aqCoQ7kapP5uqKSINiwC51&filename=o1/dims/resize/384,https://page.kakao.com/content/53373908
신규,kakao_page,토끼와 흑표범의 공생관계,야식먹는중,야식먹는중,야식먹는중,,전체연령가,로판,소설,"나는 성인식을 치르고도 인간이 되지 못한 토끼 수인이었다.가문에서는 그런 나를 반쪽짜리라며 바구니에 넣어 내버렸는데…,“우네? 더 울어 봐.”웬 성격 나쁜 흑표범에게 주워졌다.“근성이 부족하네. 모레 잡아먹을 테니까 노력해 봐.”이 극악무도한 맹수. 콧수염을 파르르 떨며 노려보자, 흑표범의 눈이 청초하게 휘어졌다. “나 방금 설렌 것 같아.”엄마야, 얘 돌았나 봐!적잖이 미친 흑표범에게서 살아남기.“맹수들은 소유욕이 강하대, 그게 무엇이든.”…가능할까?","로맨스판타지, 왕족/귀족, 권선징악, 라이벌/앙숙, 소유욕/독점욕, 능글남, 능력남, 재벌남, 상처남, 카리스마남, 다정녀, 외유내강, 엉뚱발랄녀, 달달물, 성장물",https://page-images.kakaoentcdn.com/download/resource?kid=bcGZDZ/hyZ8AF9eYc/HzGUST9WpxW1KQX5n4JZo0&filename=o1/dims/resize/384,https://page.kakao.com/content/54046523
신규,kakao_page,크리스탈 아가씨는 남자다,"전어나, 노논",노논,노논,전어나,전체연령가,로판,웹툰,"로터리 가문의 막내 딸이자 몸이 약해서 별채 밖으로 나오지 않는연약한 아가씨, 크리스탈 로터리. 그의 정체는 남자다. 가문에서 살려 두는 건 여자뿐, 남자는 시체가 되거나 후계자가 되거나 둘 중 하나뿐이다.빽도 힘도 없는 크리스탈의 유일한 목표는 로터리 가문을 떠나서 평범하게 살아가는 것.살아남기 위해서 딸로 자랐다. 죽은 사람처럼 숨죽이고 지냈다.드디어 떠나려 했는데, 결혼을 하란다?궁지에 몰린 크리스탈은 로터리와 정치적으로 대립하는 펜트린 대공에게 청혼서를 넣는다.당연히 거절할 줄 알았는데 허혼서가 돌아왔다. 크리스탈은 펜트린 대공성으로 도망친다.냉정한 북부의 주인, 잔인한 남자, 얼음장 같은 마음을 가진 사람.크리스탈은 소문만 무성한 일리안 펜트린을 만난다.그리고 결혼했다. 어쩌다 보니?*“그리 긴장할 필요 없어요. 난 그대에게 아무 짓도 하지 않을 테니까요.”부부로서 맞이한 첫날밤, 크리스탈은 합방을 하지 않겠다는 말을 들었다.이게 무슨 소릴까. 넌 파혼당할 거라고 돌려 말하는 건가?숨결이 닿을 거리에서 일리안이 속삭인다.“레이디에겐 죄송하지만…… 제가 고자라서요.”세상에서 가장 다정한 목소리로 일리안 펜트린이 말했다.","로맨스판타지, 운명, 남장여자, 로맨틱코미디",https://page-images.kakaoentcdn.com/download/resource?kid=IwVKm/hAd4y1JFy4/HqNorkqOsm4vDFX3MSb7OK&filename=o1/dims/resize/384,https://page.kakao.com/content/61241377
신규,kakao_page,시한부라서 흑막의 며느리가 되었는데,유나진,유나진,유나진,,전체연령가,로판,소설,"흑막이 눈속임을 위해 들이는 어린 며느리에 빙의했다.문제는 내가 시한부라 성인이 되면 죽을 예정이라는 것.'다행히 치료제는 알고 있지만...'내가 적당한 때 죽지 않으면시아버님, 아니 흑막 이카르드 공작이 나를 죽일지도 모른다!그것도 고작 자기의 목적을 이루겠다는 이유 하나만으로!  그런데 대체 어떤 애가 이런 집안에 잘 적응할 수 있겠어?""저는 아버님이랑 에반이랑 오래오래 행복하게... 쿨럭! 쿨럭!""내가 바로 그 '어떤 애'였다. 사실 나도 좀 흑막 재질이란 말이지.어쨌든 이렇게 시한부를 연기하면서 시간 끌다가 병도 치료하고, 돈 벌어서 도망치려 했는데... ""대륙의 모든 의원들을 불러. 내 며느리는 살아야 한다.""어... 아버님? 저는 버리는 패가 아니었나요?""네가 죽으면 나는 무조건 따라 죽을 거야. 너 없는 세상에서 못 살아.""...남편? 너 원래 아버지 닮아서 아무도 사랑 안 하잖아?어쩐지 세상이 내가 알고 있던대로 굴러가지 않는 것 같다.유나진 작가의 <시한부라서 흑막의 며느리가 되었는데>","로맨스판타지, 시월드, 빙의물, 첫사랑, 까칠남, 상처남, 소유욕/독점욕, 순정남, 능력녀, 자상녀, 엉뚱발랄녀, 걸크러쉬, 사이다녀, 정략결혼, 쌍방삽질",https://page-images.kakaoentcdn.com/download/resource?kid=Xu6M2/hyQ9Liqgvp/z4cVzAin7Zjaj3TzNdkL3K&filename=o1/dims/resize/384,https://page.kakao.com/content/56108278
신규,kakao_page,화산전생,"정준, 정준, 토마씨, 토마씨","정준, 토마씨",토마씨,정준,전체연령가,무협/사극,웹툰,"전란의 시대에서 운이 좋게 살아남아 화산파의 장로가 된 주서천.평생 영광을 맛보지 못한 채 후회와 미련만 가득 안고 눈을 감는다.​그러나 죽음을 맞이하는 순간, 어찌 된 영문인지 운명은 그를 다시 과거로 돌려보내는데…….","정통, 귀환, 노력, 먼치킨, 무림, 생존, 성장, 영웅/신화, 환생, 검, 도사, 마교, 명문세가, 살수, 화산",https://page-images.kakaoentcdn.com/download/resource?kid=qxF2g/hzVqJntzFh/z5hWWfFNp5pwJ8f4IVR7RK&filename=o1/dims/resize/384,https://page.kakao.com/content/50289296
신규,kakao_page,악녀가 길들인 짐승 [완결],설영(雪影),설영(雪影),설영(雪影),,15세 이용가,로판,소설,"소설 속 유일무이한 진짜 악녀는, 아름다운 외모의 사내를 데려와 평생 그를 길들여놨다.그는 공포를 한계까지 참아낸 후 그녀에게 애원하는 법을 배웠으며 목줄을 풀어도 결코 도망칠 수 없는 짐승이 되었다.하지만, 어느 날 짐승은 사랑에 빠져 자신을 구원해준 여인과 함께 황제가 되어 악녀를 영원한 굴레 속으로 빠뜨린다.라는 대목이 있는데, 하필이면 남주를 반쯤 길들여놨을 시점에 빙의했다.……어쩌지?일단은 세뇌를 조금씩 풀어보자.그다음은…… 참회하는 척하자. 아멘.***“찾느라 고생이 많았습니다.”“무슨 말씀이신지… 잘 모르겠습니다. 황제 폐하.”“내가 당신의 이 손길을 어떻게 잊겠습니까.”그러면서 그는 내 손목을 붙잡은 채 손을 잡아당겨 제 볼에 가져다 대곤 천천히 쓸어내렸다.소설 속 악녀, 일리아나가 그를 칭찬할 때 늘 그랬던 것처럼.“나는 당신을 길들일 겁니다. 당신이 내게 그랬던 것처럼, 내가 없으면 아무것도 할 수 없는 짐승으로.”그렇게 원치 않게 그의 볼을 쓸어내린 손바닥이 이윽고 그의 입술에 닿았다. 그가 손바닥에 짧게 입을 맞춘 후 천천히 손을 떼어냈다.일러스트 : 케이타이포 디자인 : 림재",,https://page-images.kakaoentcdn.com/download/resource?kid=c3UXQf/hywgzDkl6J/NvKKoKBTitlKg6iNqfKac1&filename=o1/dims/resize/384,https://page.kakao.com/content/53753133
신규,kakao_page,아기 다람쥐가 다 잘해요,"군청주단, 혹등고래, 한소영",혹등고래,한소영,군청주단,전체연령가,로판,웹툰,"사자 가문에서 태어난 유약한 다람쥐 수인 베아티.그 탓에 수도 이모집에서 구박데기로 살다유일한 친구이자 약혼자인 2황자에게꿈을 이루기 위해 떠나겠다고 말한 순간,'리테르 너 이 나쁜 새끼…!'그놈의 독니에 죽었다.다시 눈을 떴더니 2왕자와 엮이기 전의 어린 시절.이럴 때 필요한 건 뭐? 스피드.바로 몸만 빼내 친부 사자공의 영지로 튀었다.비록 환영받진 못하겠지만그래도 앞으로 발견될 이 엄청난 비법을 가져가 준다면, 내쫓지는 않을 거……""어서 오십시오, 아가씨!""""세상에! 언제 이렇게 자라셔서….""""아가씨가 저 앙증맞은 두 발로 걸으신다!""……응? 왜 이렇게 환영하지?저거 설마 내 동상이야?","로맨스판타지, 육아물, 성장물, 가족물, 수인물, 인외존재, 달달물, 치유물, 힐링물",https://page-images.kakaoentcdn.com/download/resource?kid=FYWBv/dJMcag6vHVJ/q3veifwHQ2LdfjEK5cjEj0&filename=o1/dims/resize/384,https://page.kakao.com/content/59976402
신규,kakao_page,주워서 키워줬더니 감금으로 보답받았다,티티제,티티제,티티제,,전체연령가,로판,소설,"친구가 입이 닳도록 말한 피폐 소설의 별 볼 일 없는 고아로 빙의했다.아직 원작은 진행되지 않은 것 같지만, 나는 원작에 가담할 생각이 전혀 없었다.왜냐하면 남주 그 자식, 여주를 제 구원자라 믿으며 결말에 여주를 새장에 감금하고 세뇌시켜 버리는 사이코패스 또라이니까.그래. 그냥 가늘고 길게 살자.그런데 이 망할 세상이 고아로 빙의시킨 주제에 소드마스터의 힘을 던져 주네?그럼 더 열심히 가늘고 길게 살아야지.전쟁으로 난리가 난 제국을 전전하며 겁탈하려는 기사 몇 명 때려 눕혀 목돈도 만들고, 그러다 정말 죽을 것 같은 남자아이 하나도 구해 줬다.제 이름도 기억 못 하는 것 같기에 아델이라는 이름도 지어 주고, 잘 곳도 만들어 주고, 소고기도 먹이며 오냐오냐 3년을 키웠다.하지만 이 배은망덕한 놈은 고맙다는 인사도 없이 홀랑 도망쳐 버렸는데…….""아델?""""루이사, 보고 싶었어요.""그런데 네가 왜 황제가 되어서 나한테 다시 와?“루이사, 당신은 나의 구원자야.”왜 여주인공한테 해야 할 감금 플래그를 나한테 세우는데?#책빙의 #약피폐 #로코 #구원물 #능력녀 #사이다녀 #다정녀 #연상녀 #강아지남 #황제남 #집착남 #존대남","로맨스판타지, 착각물, 먼치킨, 빙의물, 왕족/귀족, 연하남, 능력남, 집착남, 존댓말남, 대형견남, 능력녀, 사이다녀, 다정녀, 로맨틱코미디",https://page-images.kakaoentcdn.com/download/resource?kid=bbR7Gq/hzCs7Giaxk/3QGOBogwlgWX0qtwq0JwfK&filename=o1/dims/resize/384,https://page.kakao.com/content/59668629
신규,naver_webtoon,불량순정,김수박,김수박,김수박,,15세 이용가,로맨스,웹툰,"첫사랑은 다정한 게 아니라, 그냥 아무에게나 잘해주는 사람이었다.
그래서 이번엔 안 속으려고 했다. 두 번째로 엮인 남자는 더 노골적이니까.
사람 다루는 게 능숙하고, 관심도 애정도 적당히 나눠 쓰는… 또 어장남!

근데 이상하다. 이 남자, 분명 똑같은 부류인데 유독 나한테만 선을 못 긋는다.
다른 애들에겐 가볍게 웃으면서, 나한테는 이유 없이 집요하다.
장난 같다가도 집착 같고, 가벼운 듯하다가도 묘하게 무겁다.

너 뭐야. 어장관리야, 아니면… 진짜야?
불량한데, 이상하게 순정!","순애남, 후회남, 나쁜남자, 폭스남, 캠퍼스로맨스",https://shared-comic.pstatic.net/thumb/webtoon/849365/thumbnail/thumbnail_IMAG21_fe5d4080-7c7d-4484-af66-89e1270e3835.jpg,https://comic.naver.com/webtoon/list?titleId=849365
신규,naver_webtoon,로도스도 전기 : 사령의 여왕,남부낙타,남부낙타,남부낙타,,15세 이용가,판타지,웹툰,"카스툴의 피를 이은 사령술사 넥트렐라. 그의 손에 붙잡힌 연인을 되찾기 위해, 광전사 테인은 목숨을 건 싸움에 뛰어든다.","레드아이스 스튜디오, 마법, 모험, 용사, 액션, 세계관, 다크판타지",https://shared-comic.pstatic.net/thumb/webtoon/849587/thumbnail/thumbnail_IMAG21_eeb094a5-c649-4f5b-a445-1c0252b66be9.jpg,https://comic.naver.com/webtoon/list?titleId=849587
신규,naver_webtoon,생활의 참견 2 : 지금은 가족시절,김양수,김양수,김양수,,전체연령가,개그,웹툰,"쉽게 지나치는 일상과 지나간 추억 속에서 발견하는 유쾌한 웃음,
자라난 아이들과 더욱 강력해진 케미로 그가 돌아왔다!","일상개그힐링, 공감, 가족, 일상, 개그",https://shared-comic.pstatic.net/thumb/webtoon/849676/thumbnail/thumbnail_IMAG21_e945e6b5-78cc-43a7-adf3-56a5bc29e6c8.jpg,https://comic.naver.com/webtoon/list?titleId=849676
신규,naver_webtoon,어느 날 해츨링이 되었다,판테라,판테라,판테라,,전체연령가,판타지,웹툰,"""뭐야, 내 모습이 왜 이렇게 작달만하고 통통해?!!""

승천을 1년 앞둔 999살 이무기, 억울하게 죽임을 당하고
눈을 떠보니 1살 해츨링이 되어버렸다. 

전생의 기억을 고스란히 간직한 채 시작된 두 번째 생.
처음으로 받아보는 무조건적인 사랑에 조금씩, 그리고 완전히 녹아든다. 

사랑 속에서 동료를 만들고, 세계를 넓혀가며 전생에 이루지 못한 용이 되는 길을 향해 나아가는 해츨링 '룬'의 두 번째 라이프 시작!","모험, 지금추천작, 무해한, 힐링, 이세계, 인외존재, 소설원작",https://shared-comic.pstatic.net/thumb/webtoon/850266/thumbnail/thumbnail_IMAG21_c9b49ce5-ec69-4d3b-b635-55e911631ffe.jpg,https://comic.naver.com/webtoon/list?titleId=850266
신규,naver_webtoon,스타 플레이어의 귀환,Jenguk,Jenguk,Jenguk,,15세 이용가,액션,웹툰,"한때는 최정상의 프로게이머였지만, 승부 조작 의혹으로 강제 은퇴하게 된 단윤.
죽지 못해 살아가던 그에게 다시 한 번의 기회가 주어진다.
성좌들의 유희 게임 '블랙아웃'의 참가자가 된 그는 과연
다시 한번 정상을 차지할 수 있을까.","사이다, 액션아포칼립스, 생존, 아포칼립스, 게임판타지, 두뇌싸움",https://shared-comic.pstatic.net/thumb/webtoon/849923/thumbnail/thumbnail_IMAG21_d2af9af2-a417-4b9c-a7c8-0e5038f56edf.jpg,https://comic.naver.com/webtoon/list?titleId=849923
신규,naver_webtoon,소녀*구원대행,한기주,한기주,한기주,,15세 이용가,판타지,웹툰,"이 세상은 멸망했다.
세계 랭킹 1위 원정현 때문에.

그놈은 인류가 낳은 최고의 영웅이자 인류 최악의 배신자.
…인 줄 알았는데?

“…최후의 사람이, 너만 아니었더라도.”

멸망 직전 나를 살리고 죽어버렸다.
그리고 나는 음모를 막기 위해 졸지에 회귀해버렸다!

8살 최연소 S급 헌터가 된 채로!

좋았어,
원정현의 소원은 내가 대신 이룬다.
오늘부터 구원 대행합니다!","액션아포칼립스, SF액션, 미래, 상태창, 소년물, 우정, 혐관",https://shared-comic.pstatic.net/thumb/webtoon/849744/thumbnail/thumbnail_IMAG21_59874523-9c8a-4edd-8810-a3a06bf16f4b.jpg,https://comic.naver.com/webtoon/list?titleId=849744
신규,naver_webtoon,조선야차,두엽,두엽,두엽,,12세 이용가,판타지,웹툰,"""조선의 개가 되어라, 어명이다.""
한순간에 깨진 평화. 
왕의 부름에 야차가 된 두 사람, 
얘네한테 조선의 운명을 맡겨도 되는걸까...?","액션판타지, 동양, 이능력, 배틀, 소년물, 모험, 크리처",https://shared-comic.pstatic.net/thumb/webtoon/850109/thumbnail/thumbnail_IMAG21_75b7a482-2f0f-4da2-a26c-4aa1e82c965b.jpg,https://comic.naver.com/webtoon/list?titleId=850109
신규,naver_webtoon,비인간서사,호밀밭,호밀밭,호밀밭,,15세 이용가,판타지,웹툰,"2055년 서울. 문명은 상승하고 개인은 추락한다.
청년 하늘은 엄마의 수술 비용을 갚으며 살아간다.
어느 날, 운명이 그를 찾아왔다.","사이버펑크, 2024 지상최대공모전, 액션아포칼립스, SF액션, 액션판타지",https://shared-comic.pstatic.net/thumb/webtoon/849747/thumbnail/thumbnail_IMAG21_fb4a9fcd-c1ff-46b0-9dd1-a3d5a5ecc8ac.jpg,https://comic.naver.com/webtoon/list?titleId=849747
신규,naver_webtoon,커플이상 부부미만,마자,마자,마자,,전체연령가,일상,웹툰,"결혼까진 좀 그렇고… 일단 한번 같이 살아볼까?

연애하는 룸메이트! 결혼 맛보기 스푼! 커플보다는 가깝고 부부보다는 먼 동거 커플의 일상!

본격적인 혼인숙려기간 시작!","컷툰, 일상개그힐링, 공감, 생존, 가족, 일상, 가벼운, 개그",https://shared-comic.pstatic.net/thumb/webtoon/850026/thumbnail/thumbnail_IMAG21_f535ccee-3cdf-4f63-954d-8480e09688be.jpg,https://comic.naver.com/webtoon/list?titleId=850026
신규,naver_webtoon,좋아하면 멍청해진다,뀌옥,뀌옥,뀌옥,,12세 이용가,로맨스,웹툰,차갑고 시크한 철벽녀 세린과 평범한 대학생 진형. 남들 앞에선 멀쩡한 두 사람이지만 함께 있으면 바보가 된다.,"러브코미디, 일상개그힐링, 소심남, 공식미녀, 일상, 가벼운, 개그",https://shared-comic.pstatic.net/thumb/webtoon/850214/thumbnail/thumbnail_IMAG21_51634089-9343-4b94-a494-b5cef58c549f.jpg,https://comic.naver.com/webtoon/list?titleId=850214
신규,naver_webtoon,싸움배달,하우진,하우진,하우진,,15세 이용가,액션,웹툰,"배달이요~
라이더 2년차, 싸움배달 전문 고등학생 이상.
어느날 거액의 의뢰를 제안을 받는데,
오너가 심상치 않다..","사이다, 학원액션, 자본주의, 재벌녀, 범죄, 먼치킨",https://shared-comic.pstatic.net/thumb/webtoon/850079/thumbnail/thumbnail_IMAG21_11c51246-14cc-44e2-ba53-549fe40c75a5.jpg,https://comic.naver.com/webtoon/list?titleId=850079
신규,naver_webtoon,쓰레기 공작의 외도 상대가 되었다,따로,따로,따로,,15세 이용가,로맨스,웹툰,"“나랑 바람 좀 피워줘야겠어.”

황녀와의 억지 약혼을 깨기 위해
완벽한 외도 사기극을 꾸미는 대부호 공작, 레오폴드 오테로 폰 베른.

전 연인들이 황녀와 바람피워 헤어진 덕에
외도상담가가 된 몰락 귀족, 비올레타 헤르난데즈.

그녀는 의뢰인들의 상담비로 겨우 생계를 유지해 간다.
하지만 어느 날 가문이 진 거액의 채무이행서를 받게 되고,
남동생의 학비마저 급히 마련해야 하는 상황에까지 닥치는데…….

“학비쯤이야, 남동생의 앞날까지 책임져 주지.”
“제 앞날은요? 바람녀 딱지 붙으면 결혼은 꿈도 못 꿔요.”

그저 밥 먹고 살 정도의 사랑 가득한 결혼을 꿈꿨건만.
정녕 그의 바람녀가 되는 게 답인 걸까.

“들키지 않게 해줄게. 흔적만 남겨. 황녀가 완벽히 오해할 만한.”

그렇게 시작된 대국민 외도 사기극.
바람피우는 척만 한다던 남자는 자꾸만 선을 넘어온다.

“이따위 증거들이 통할 거로 생각하나?”
“돈 값하러 온 거라며.”
“키스 자국이라도 남기는 성의를 보이든가.”

아무래도… 그에게 잘못 걸린 것 같다.","계약연애, 복수극, 로판, 소설원작",https://shared-comic.pstatic.net/thumb/webtoon/849896/thumbnail/thumbnail_IMAG21_6719bba6-dc0c-4490-97eb-bb7a3f7646ef.jpg,https://comic.naver.com/webtoon/list?titleId=849896
신규,naver_webtoon,네크로맨시로 레벨업하는 성자님,스튜디오 이너스,스튜디오 이너스,스튜디오 이너스,,15세 이용가,판타지,웹툰,"많은 시체를 조종하며 1인군단이라 불리며 세계 최강의 네크로맨서가 된 천유진. 
하지만 너무 강하다는 이유로 신과 인류에게 버림받고 죽을 위기에 처하며 회귀를 선택한다.
새로운 삶에서는 신들에게 버림받은 신 크로노스의 힘을 빌려, 이번 생에서는 반드시 살아남겠다고 다짐한다.
그런데 크로노스의 힘이 몸에 새겨지는 순간, 죽음의 기운을 다루는 신의 천적 네크로맨서가 신의 신성한 힘을 다루는 성자가 되어버렸다.
이질적인 두 힘이 하나의 몸에 깃들며, 더욱 강해진 천유진이 지난 생에서 자신을 버린 신과 인류에 복수를 강행한다!","해외작품, 게임판타지, 회귀, 먼치킨, 소설원작",https://shared-comic.pstatic.net/thumb/webtoon/850241/thumbnail/thumbnail_IMAG21_139aa5fd-e69a-4ac3-b205-8bc5375bc78d.jpg,https://comic.naver.com/webtoon/list?titleId=850241
신규,naver_webtoon,행운의 여신,허니비,허니비,허니비,,전체연령가,로맨스,웹툰,"만년 전교 2등이던 지윤에게 어느날 행운의 노트가 찾아왔다. 그 노트는 1등이라는 행운을 주었지만, 그로 인해 평화로운 일상이 온통 흐트러져 버린다. 공부에 집중하기 위해서는 그 기묘한 문제들을 해결해야만 한다. 그 엉망진창인 속에서도 사랑은 피어난다. 비록 지윤이 원한 적 없는 로맨스지만..!","감성적인, 혐관, 능력녀, 로맨스, 하이틴, 학원로맨스",https://shared-comic.pstatic.net/thumb/webtoon/849092/thumbnail/thumbnail_IMAG21_f4e0e879-1062-4ab4-a6f0-fa9109665a7c.jpg,https://comic.naver.com/webtoon/list?titleId=849092
신규,naver_webtoon,변경백의 10클래스 망나니,양평,양평,양평,,전체연령가,판타지,웹툰,"칠십대의 늙고 추레한 마법사는 육십 년 전으로 돌아온다.
아주 오래된
그리워하던
어떤 날로…….","액션판타지, 감성적인, 시리어스, 중세, 마법, 소년물, 우정",https://shared-comic.pstatic.net/thumb/webtoon/849510/thumbnail/thumbnail_IMAG21_6e5604e7-13fd-4e78-8455-fdd5b3ec1ecb.jpg,https://comic.naver.com/webtoon/list?titleId=849510
신규,naver_webtoon,검술명가의 네크로맨서,해귤,해귤,해귤,,12세 이용가,판타지,웹툰,"대륙을 공포로 몰아넣었던 최강의 네크로맨서 아키몬드. 그는 영웅 베르켈 라인란트의 검에 목숨을 잃는다. 그리고 200년 후, 어느 가문의 아기로 태어나 첫 마디를 뱉는다. “어둠의 문지기와 하수인 그리고 병사들이여, 내 명을 받들라!“","액션판타지, 소년물, 라이벌, 환생, 왕족/귀족, 액션, 판타지",https://shared-comic.pstatic.net/thumb/webtoon/850499/thumbnail/thumbnail_IMAG21_45d0caf8-f59a-47ae-aa8c-4f5b7121d753.jpg,https://comic.naver.com/webtoon/list?titleId=850499
신규,naver_webtoon,이기적 동맹,구직신사,구직신사,구직신사,,15세 이용가,판타지,웹툰,"수많은 '문'을 통해 서로 다른 이세계와 이어져 있는 특별한 세계 중심계.
대천사의 명령으로 천계에서 파견된 천사 디즈는 불운한 직장 생활을 보내고 있다.
그런 디즈에게 어느 날 운석처럼 떨어진 사고뭉치 마족 파상!

이기적인 천사와 마족, 그리고 또 하나의 문제아와 함께하는 달콤&살벌 엉망진창 동맹!","일상개그힐링, 판타지개그, 현대, 우정, 가족, 감성, 일상",https://shared-comic.pstatic.net/thumb/webtoon/850248/thumbnail/thumbnail_IMAG21_b3c708f6-2270-4a5e-93e6-a318b0858d07.jpg,https://comic.naver.com/webtoon/list?titleId=850248
신규,naver_webtoon,흑신,임달영,임달영,임달영,,18세 이용가,액션,웹툰,"우매한 인간들아, 주어진 운명을 그대로 받아들이라...
지구상의 모든 법칙을 지배하는 거대한 힘 '공준균형'.인간을 지배했던 능력으로 균형을 수호하는 존재'원신령'
같은 모습으로 운명을 공유하고 있는 3개의 혼 '도플라이너'
결코, 우리가 알 수 없었던 그 거대한 비밀에 얽힌 이야기...!",성인웹툰,https://shared-comic.pstatic.net/thumb/webtoon/849300/thumbnail/thumbnail_IMAG21_bc7ada71-c50a-46a8-94bc-953b409e1efa.jpg,https://comic.naver.com/webtoon/list?titleId=849300
신규,naver_webtoon,1인칭 혈육시점,모카빵,모카빵,모카빵,,15세 이용가,로맨스,웹툰,"어릴 적부터 가영의 연애를 방해하는 혈육이자 웬수, 차강현.

왜인지 이번 짝사랑도 차강현 때문에 망할 것 같은 불길한 예감에
용하다는 타로집에서 수상한 팔찌를 사 오게 되는데…

왜 내가 차강현이 된 거지?","가족, 혐관, 로맨틱코미디, 성별반전, 캠퍼스로맨스",https://shared-comic.pstatic.net/thumb/webtoon/850236/thumbnail/thumbnail_IMAG21_c2762e7a-ad6f-4637-b36f-cbd7b49c1773.jpg,https://comic.naver.com/webtoon/list?titleId=850236
신규,naver_webtoon,백 킥!,최 강,최 강,최 강,,15세 이용가,스포츠,웹툰,"""일반부에서 뛰는 청각장애인 선수라고?""
선배의 괴롭힘에 태권도를 그만둔 남 건과 소리를 듣지 못하는 천재 선수 강이토. 상처투성이 소년들은 다시 정상에 설 수 있을까?",,https://shared-comic.pstatic.net/thumb/webtoon/849881/thumbnail/thumbnail_IMAG21_f2514d6b-0487-4074-9c4e-29ac2f0d494c.jpg,https://comic.naver.com/webtoon/list?titleId=849881
신규,naver_webtoon,과학고 사변,고태린,고태린,고태린,,15세 이용가,드라마,웹툰,"성적은 계급, 오답은 죄악.
〈세한과학고〉에 정반대의 두 천재가 입학한다.","입시, 2024 지상최대공모전, 현대, 소년물, 청춘, 성장물, 하이틴",https://shared-comic.pstatic.net/thumb/webtoon/849907/thumbnail/thumbnail_IMAG21_903a2217-1f54-4f39-acba-ca0eda61859e.jpg,https://comic.naver.com/webtoon/list?titleId=849907
신규,naver_webtoon,써머 어게인,물버섯,물버섯,물버섯,,18세 이용가,로맨스,웹툰,"호텔 유성팰리스의 VIP 담당 컨시어지로 일하던 커리어우먼 도희.
그런데, 새 본부장으로 뜻밖의 인물이 부임하게 된다.

열아홉, 불행에 짓밟힐 뻔한 여름을 
새빨간 자두 빛으로 물들였던 첫사랑이자 오빠 친구, 차문호.
10년 전 갑작스럽게 자취를 감춘 그가 상사가 되어 돌아왔다.

“순진하던 게, 어쩌다 이렇게 까졌을까.”

다시 돌아온 뜨거운 여름, 꼭 그와 같은 생각을 한다.
그러는 오빤, 어쩌다 이렇게 야해졌을까.","사이다, 청춘, 로맨틱코미디, 다정남, 걸크러시, 소설원작, 성인웹툰",https://shared-comic.pstatic.net/thumb/webtoon/849884/thumbnail/thumbnail_IMAG21_637ccc01-1cdb-4450-9c87-7062325de0d9.jpg,https://comic.naver.com/webtoon/list?titleId=849884
신규,naver_webtoon,페일 블루 아이즈,LICO,LICO,LICO,,18세 이용가,로맨스,웹툰,"주은은 자신을 늘 외롭게 만드는 가족을 떠나 홀연히 영국으로 향한다. 그곳에서 만난 창백한 푸른눈의 남자, 에덴. 조악한 문신으로 온몸을 뒤덮은, 쓰레기 같은 펑크를 노래하는, 주변의 모든 여자를 열병에 들끓게 만드는, 하지만 살면서 본 가장 다정하고 가장 아름다운 남자. 주은은 그가 위험하다는 걸 알면서도 불가항력으로 그에게 끌리게 되는데…","예술, 고자극드라마, 리얼로맨스, 감성적인, 자극적인, 설렘폭발",https://shared-comic.pstatic.net/thumb/webtoon/849898/thumbnail/thumbnail_IMAG21_fbeef32f-607d-48c8-a809-ceff396bcd6c.jpg,https://comic.naver.com/webtoon/list?titleId=849898
신규,naver_webtoon,그아비에 그아들,송작가,송작가,송작가,,15세 이용가,액션,웹툰,"""이게 다 아빠 때문이야!!""

2026년. 아빠를 닮아 159cm에 51kg의 왜소한 체격의 소유자 '강권'
매일같이 학교에서 괴롭힘을 당하다 옥상에서 떨어진다

1996년 아빠의 베프인 188cm 70kg의 '최강권' 삼촌의 몸으로 깨어난 강권
하지만 최강권 삼촌은 기대와는 달리 괴롭힘을 당하는 찐따였는데...

키는 커졌지만 여전히 찐따인 (최)강권의
1996년의 많이 힘든(?) 고교 생활이 시작된다","2025 연재직행열차, 학원액션, 열혈, 공감, 과거, 우정, 가족",https://shared-comic.pstatic.net/thumb/webtoon/849537/thumbnail/thumbnail_IMAG21_d093d9db-b356-42b8-ba1e-4d90ecd0d214.jpg,https://comic.naver.com/webtoon/list?titleId=849537
신규,naver_webtoon,나혼자 진짜 재벌,맷집왕,맷집왕,맷집왕,,전체연령가,드라마,웹툰,"평생을 가족을 위해 희생하며 살아온 어머니, 이경숙.
그녀는 헌신의 상징이었지만, 아들 서민욱은 단 한 번도 ""고맙다""고 말하지 못했다.
어머니가 돌아가시고 후회 속에 살던 민욱은 믿기 힘든 기적과 함께 
가족의 비극이 시작된 그날 외삼촌 이동호로 회귀한다.

외삼촌 이동호.
가족의 꿈과 희망을 짓밟고 떠난 그는 
집안의 전 재산을 삼키며 모든 것을 무너뜨렸다.
돌아온 과거 속에서 민욱은 이를 바로잡으려 결심하지만, 
점차 깊어지는 의문과 마주한다.

“세상에 뿌려진 이 비를 우리 가족만 피할 수 있다면, 그것만으로 정말 만족할 수 있을까?”

과거를 구원하려는 그의 선택은 어머니를 진정으로 행복하게 만들 수 있을까?
희생과 후회, 그리고 구원의 서사가 지금 시작된다! 



ⓒ맷집왕,박정욱(원작:댄킴)/학산문화사","사이다, 현대판타지, 시대물, 가족, 감성, 드라마, 인생역전",https://shared-comic.pstatic.net/thumb/webtoon/849859/thumbnail/thumbnail_IMAG21_115a6ad1-73f2-460e-b635-4bfffd886671.jpg,https://comic.naver.com/webtoon/list?titleId=849859
신규,naver_webtoon,"빚, 나는 연인",김순돌,김순돌,김순돌,,15세 이용가,드라마,웹툰,"오랜 연인과 절친한 친구의 바람.

그들의 배신으로 사랑과 우정을 동시에 잃은 이봄.
전 연인이 빌려 간 5천만 원마저 사라진 순간, 수상한 남자 백도혁이 나타난다.

“사람은요, 자기 손에서 놓친 게 더 빛나 보이면
결국 다시 돌아보게 돼요.”

전 연인 박우성의 마음을 되돌려 돈을 받아내라는 백도혁의 제안.
그렇게 시작된 위태로운 위장 연애.

하지만 이 관계에는, 처음부터 다른 의도가 숨겨져 있다..?","고자극드라마, 자극적인, 라이벌, 사연남, 능글남, 계략남, 후회남",https://shared-comic.pstatic.net/thumb/webtoon/849749/thumbnail/thumbnail_IMAG21_dbed02d5-9109-44e6-aa5f-04797c0c5263.jpg,https://comic.naver.com/webtoon/list?titleId=849749
신규,naver_webtoon,안녕 아기,호호,호호,호호,,전체연령가,일상,웹툰,"만화와 게임이 좋은 오타쿠 엄마와 예민한 아빠, 
그리고 호시탐탐 아기 간식을 노리는 시바견과 염세적인 육아 선배 믹스견까지!
육아와 거리가 먼 이들에게 아기가 찾아오면서 인생의 두 번째 페이즈가 시작되었다.","일상개그힐링, 가족, 일상, 개그, 육아물",https://shared-comic.pstatic.net/thumb/webtoon/849928/thumbnail/thumbnail_IMAG21_cbe8c59a-6760-4edb-bca2-49879a1ca92b.jpg,https://comic.naver.com/webtoon/list?titleId=849928
신규,naver_webtoon,열사병,상서현,상서현,상서현,,전체연령가,감성,웹툰,"한여름의 고시원.
세상을 등진 채 버텨가는 ‘광태’ 앞에, 세상에 존재하고 싶어 하는 소녀 ’보애’가 나타난다.

고시원 구석의 숨 막히는 더위 속에서,
멈춰 있던 ‘광태’의 삶이 ‘보애’로 인해 떠들썩해지기 시작한다.","2025 고등 최강자전, 드라마, 힐링",https://shared-comic.pstatic.net/thumb/webtoon/849482/thumbnail/thumbnail_IMAG21_ed34bbe8-32e9-4183-875a-e4a8518efb36.jpg,https://comic.naver.com/webtoon/list?titleId=849482
신규,naver_webtoon,일곱 번째 의뢰인,함영서,함영서,함영서,,18세 이용가,로맨스,웹툰,"어린 탐정 맥스는 아무도 주목하지 않는 도박 업자의 죽음을 조사하라는 의뢰를 받는다. 의뢰인이 용의자로 지목한 도박 업자의 아내 제인. 맥스는 그녀를 향한 의심과 이끌림 사이에서 갈등하는데. 제인은 결백한가, 살인자인가. “이것부터 기억해요, 난 거짓말은 안 해요.”","로맨스릴러, 자극적인, 시리어스, 치명적인, 서양, 시대물, 악녀",https://shared-comic.pstatic.net/thumb/webtoon/850210/thumbnail/thumbnail_IMAG21_7b6114b9-24b5-4c0d-8aac-3cd2addc5082.jpg,https://comic.naver.com/webtoon/list?titleId=850210
신규,naver_webtoon,강철의 연금술사,Hiromu Arakawa,Hiromu Arakawa,Hiromu Arakawa,,전체연령가,판타지,웹툰,"연금술로 엄마를 되살리려던 에드워드, 알폰스 형제의 모험이 시작된다!
ⓒ Hiromu Arakawa/SQUARE ENIX CO., LTD.","애니메이션, 명작, 액션판타지, 열혈, 배틀, 모험, 액션, 판타지",https://shared-comic.pstatic.net/thumb/webtoon/849352/thumbnail/thumbnail_IMAG21_0049830d-3474-462a-96b8-7cd0b8be1b52.jpg,https://comic.naver.com/webtoon/list?titleId=849352
신규,naver_webtoon,악마 임시 보호 중!,원원,원원,원원,,12세 이용가,개그,웹툰,"평범한 대학생 류단우는

길에서 만난 어린 악마에게 간택(?)당해 버린다.

악마는 자취방에 멋대로 따라 들어와 터를 잡아 버렸고,

그날을 기점으로 단우의 평범했던 일상은 완전히 꼬이게 된다.



원래의 일상으로 돌아가기 위해

대학 동기 시덕, 마녀 주은과 함께

차원 마법의 실마리를 찾기 시작하는데…","일상, 판타지",https://shared-comic.pstatic.net/thumb/webtoon/849730/thumbnail/thumbnail_IMAG21_5505af16-070a-42b8-ba77-17cca496b5dc.jpg,https://comic.naver.com/webtoon/list?titleId=849730
신규,naver_webtoon,색시한 내 우렁이,수오수,수오수,수오수,,15세 이용가,로맨스,웹툰,"퇴근 후 집에 왔더니 따뜻한 저녁이 차려져 있다. 

잠깐... 나 혼자 사는데?

누군가 몰래 우리 집에 들어와 밥해주고 청소해 주고 빨래해주는 이 상황....
너무 편해서 익숙해져 버렸어!!","집착녀, 아방녀, 얼빠녀, 명랑녀, 햇살녀, 짝사랑녀, 순진녀",https://shared-comic.pstatic.net/thumb/webtoon/849507/thumbnail/thumbnail_IMAG21_b29f9b9a-54b1-4fb3-a815-225f892427b3.jpg,https://comic.naver.com/webtoon/list?titleId=849507
신규,naver_webtoon,샤워 순서 너마저...!,유기,유기,유기,,전체연령가,드라마,웹툰,"52세 오란희는 적적한 마음을 해소하고자 수영에 다시 도전한다. 하지만 수영장 물에 들어가기도 전부터 펼쳐진 ‘샤워실 규칙’에 오란희는 당황하고, 기존 회원들의 ‘텃세’에 정신없이 휩쓰리게 되는데…! 수영장 물살보다 거센 아줌마들의 하이퍼리얼리즘, 휴머니즘 드라마!","일상개그힐링, 자극적인, 중년, 드라마, 가벼운, 하이퍼리얼리즘",https://shared-comic.pstatic.net/thumb/webtoon/849260/thumbnail/thumbnail_IMAG21_2e162cb2-c0fb-467b-8c98-07d6bde40a89.jpg,https://comic.naver.com/webtoon/list?titleId=849260
신규,naver_webtoon,내가 죽인 전남편과 재혼하겠습니다,깜자,깜자,깜자,,15세 이용가,로맨스,웹툰,"""전생에 널 죽인 게 나야. 이번 생의 널 살린 것도 나고.“

부인의 가족을 몰살한 남편, 그런 남편을 살해한 부인.
파국을 맞이했던 원수보다 못한 남편과 현대에서 다시 만나 주어진 시간 안에 재혼해야만 한다.
피를 묻힌 바리에게 분노한 신이 내린 불멸의 삶이란 벌을 청산할 수 있는 유일한 방법이었으니까.

“강해안. 너 신병 앓듯이 머리 아픈 것도 씻은 듯 낫게 해줄 수 있고, 
네가 그토록 사랑하는 아버지 우관수의 명예와 영관도, 내가 평생 보장할 수 있어.”


고요한 바다처럼 평온히 살길 바라는 마음으로 부모님이 지어주신 이름이었건만.
해안의 삶은 전 부인이라 주장하는 여자가 내민 종이 한 장에 의해 더할 나위 없이 파란만장해진다.
관공서 대표 양식 제10호. 그 밑에 적힌 다섯 글자.

“거기에 도장 찍으면 전부 책임져 줄게.”

혼인 신고서였다.

“그러니까, 결혼해. 우리.”

과연 바리는 해안과 전생의 악연을 끊기 위한 재혼에 성공할 수 있을까?","환생, 로맨틱코미디, 미친작화, 혐관로맨스, 계약연애, 구원서사",https://shared-comic.pstatic.net/thumb/webtoon/849684/thumbnail/thumbnail_IMAG21_6c543b4a-a391-4144-8e52-062dddae06ab.jpg,https://comic.naver.com/webtoon/list?titleId=849684
신규,naver_webtoon,사랑이 끝나면 네가 끝난다,류길삼,류길삼,류길삼,,15세 이용가,로맨스,웹툰,"귀신을 볼 수 있는 소녀.
그녀 앞에 나타난 과거의 인연을 쫓아온 귀신 ‘백적’은 사랑을 말하지만, 그 시선은 다른 누군가를 향한다.
사랑을 위한 사냥감이 되고, 나는 점점 ‘나’를 잃어간다.
애정과 집착 사이, 자아의 경계가 뒤틀리는 로맨스 스릴러.","로맨스릴러, 2025 지상최대공모전, 동양풍로맨스, 오컬트판타지, 크리처",https://shared-comic.pstatic.net/thumb/webtoon/849864/thumbnail/thumbnail_IMAG21_12fe6f3c-1838-48aa-a964-9f719c3511a1.jpg,https://comic.naver.com/webtoon/list?titleId=849864
신규,naver_webtoon,이세계서 유부남된 썰,판테라,판테라,판테라,,15세 이용가,판타지,웹툰,"“토끼 같은 마누라와 몽구스처럼 귀여운 딸을 갖고 싶습니다.”
크리스마스 이브, 신비한 산타에게 소원을 빌고 집에 가는 길.
그런데, 눈을 떠보니 이세계였다...?!","중세, 가족, 용사, 힐링, 차원이동, 이세계, 소설원작",https://shared-comic.pstatic.net/thumb/webtoon/850103/thumbnail/thumbnail_IMAG21_d4a4a73c-a07c-4c17-bdbc-bc4b8e873792.jpg,https://comic.naver.com/webtoon/list?titleId=850103
신규,naver_webtoon,마도애를 사랑하는 법,서,서,서,,15세 이용가,로맨스,웹툰,"사랑하거나 사랑받는 순간 상대가 불행에 빠지는 저주를 타고난 ‘마도애’.
이 저주를 끝낼 수 있는 방법은 단 하나
바로 저주가 통하지 않는 ‘운명의 상대’를 찾는 것이다.
그런데 하필 유일한 후보가 양아치 ‘공선화’ 뿐이라니?
저주를 끝내기 위해 최악의 남자와 억지로 엮인 도애는 과연 이번에야말로 '진짜'를 찾을 수 있을까?","까칠녀, 현대, 능글남, 로맨스, 사연녀, 혐관로맨스, 캠퍼스로맨스",https://shared-comic.pstatic.net/thumb/webtoon/849913/thumbnail/thumbnail_IMAG21_96bae92b-b3d5-4ad7-a219-5e03e1f41e57.jpg,https://comic.naver.com/webtoon/list?titleId=849913
신규,naver_webtoon,괴이호텔,안은평,안은평,안은평,,15세 이용가,스릴러,웹툰,"손목이 잘리고 친구가 살해당했다.
이곳에서 살아남기 위해선 퀘스트를 해결해야 한다.","자극적인, 드라마, 미스터리, 스릴러, 요즘핫한추천작, 서바이벌",https://shared-comic.pstatic.net/thumb/webtoon/849851/thumbnail/thumbnail_IMAG21_77ab06a8-88b2-43b7-9d07-ab68d9141b4f.jpg,https://comic.naver.com/webtoon/list?titleId=849851
신규,naver_webtoon,오버워치: 하나된 마음,Sam King,Sam King,Sam King,,12세 이용가,액션,웹툰,"탈론이 워치포인트: 지브롤터를 습격한 이후, 오버워치의 영웅들은 처참한 패배의 쓴맛을 삼킵니다. 하지만 벤데타는 여기서 멈추지 않고 전 세계의 연구 시설, 군사 기지, 그리고 주요 도시들을 겨냥해 공격을 퍼붓습니다.

소전은 탈론이 발을 뻗는 곳마다 맞서기 위해 지친 영웅들을 다시 불러 모으지만, 곧 그녀가 지금까지 지켜온 모든 신념을 뒤흔들 만큼 충격적인 소식을 접하게 됩니다.

""세상이 더 이상 영웅을 원하지 않는다고 말할 때, 오버워치는 과연 분열되지 않고 당당히 맞설 수 있을까요?""","게임, 배틀, 요즘핫한추천작, 세계관, 히어로",https://shared-comic.pstatic.net/thumb/webtoon/850218/thumbnail/thumbnail_IMAG21_68998406-efbb-41e7-89e8-20b5e407d80e.jpg,https://comic.naver.com/webtoon/list?titleId=850218
신규,naver_webtoon,우리 형 축구교실,킹스날,킹스날,킹스날,,15세 이용가,스포츠,웹툰,축구 허접이 축구 영웅 '차성계'의 막내아들로 다시 태어났다?!,"열혈병맛개그, 열혈, 과거, 스포츠, 짐승남, 축구",https://shared-comic.pstatic.net/thumb/webtoon/849834/thumbnail/thumbnail_IMAG21_698cc3c7-74d8-42ac-a55e-df73d3e5f814.jpg,https://comic.naver.com/webtoon/list?titleId=849834
신규,naver_webtoon,몹쓸 순종,빙하,빙하,빙하,,18세 이용가,로맨스,웹툰,"백일 기념일, 가장 행복해야 할 순간이 악몽으로 뒤바뀌었다.
서우희는 남자친구의 외도 현장을 직접 목격한다. 그것도 상대는 연예계에서 누구보다 아끼던 후배였다. 믿음은 한순간에 배신으로 무너지고, 그녀의 세계는 송두리째 흔들린다.

그리고 같은 시각, 10년 전 첫 키스를 빼앗고 사라졌던 남자까지 다시 나타난다.
누명으로 정상에서 추락한 톱배우 서유희, 첫사랑이자 이제는 자신의 상사가 된 남자, 차규현. 
“가장 확실한 복수가 뭔지 알아?”

“그 새끼보다 몇 배는 더 잘난 남자 만나서 행복하게 사는 거.”

사랑, 배신, 그리고 서로를 구원하는 운명.

집요하고도 위험한 재회 로맨스","재벌, 계약연애, 재회, 연예계, 복수극, 소설원작, 성인웹툰",https://shared-comic.pstatic.net/thumb/webtoon/850106/thumbnail/thumbnail_IMAG21_03475b91-6b30-4b23-9751-521039948606.jpg,https://comic.naver.com/webtoon/list?titleId=850106
신규,naver_webtoon,뼈삼촌,깡준치,깡준치,깡준치,,15세 이용가,판타지,웹툰,"'가족' 이라는 가장 소중한 것을 잊어버린 암울한 미래시대.
오랜 전쟁으로 육신마저 인간과 동떨어지게 된 주인공들이 일련의 사건들을 통해 인간성을 회복하는 이야기.","디스토피아, 액션아포칼립스, 가족, 판타지, 아포칼립스, SF",https://shared-comic.pstatic.net/thumb/webtoon/850220/thumbnail/thumbnail_IMAG21_2d090ead-e6bc-466e-a106-c954ef4ff408.jpg,https://comic.naver.com/webtoon/list?titleId=850220
신규,naver_webtoon,시루/24/1km,6M,6M,6M,,18세 이용가,드라마,웹툰,"히키코모리 생활을 청산하고 데이팅 어플을 통해 외로움을 해결하고 있는 시루,
처음 보는 남성들을 통해 본인의 낮은 자존감을 채우며 하루하루를 살아가고 있다. 

우연한 계기들로 여러 사람들과 인연을 맺게 되는 그녀의 일회성, 그리고 다회성 만남 이야기","2025 지상최대공모전, 고자극드라마, 리얼로맨스, 자극적인, 블랙코미디",https://shared-comic.pstatic.net/thumb/webtoon/850068/thumbnail/thumbnail_IMAG21_e1a400f5-26f4-4fd9-a4cf-e31e936967e9.jpg,https://comic.naver.com/webtoon/list?titleId=850068
신규,naver_webtoon,모든걸 기억하는 천재무사,Omin,Omin,Omin,,15세 이용가,무협/사극,웹툰,"모든걸 기억하는 삼류무사 진소운. 30년 전 마교가 재림하기 전으로 회귀하다.

과거로 돌아온 사실이, 딱히 날더러 세상을 구하라는 신호로는 보이진 않는다.

‘그랬다면 최소한 뭔가 특별한 능력을 주거나 장삼봉 조사의 영혼 같은 거라도 붙여줘야 했을 테니까?’

답 없는 삼류 문파인 사문.
미천하기 그지없는 무의 재능.
되돌아왔다는 걸 기뻐하기엔 원체 가진 패가 너무 약하다.

""망했군.""

정해진 미래의 절망을 바꾸기 위한 진소운의 발악이 시작된다.","레드아이스 스튜디오, 액션판타지, 소년물, 동양풍판타지, 회귀, 판무",https://shared-comic.pstatic.net/thumb/webtoon/849611/thumbnail/thumbnail_IMAG21_46ca822d-c549-4b5f-8e67-0a2b3973b457.jpg,https://comic.naver.com/webtoon/list?titleId=849611
신규,naver_webtoon,애무지구,박지독,박지독,박지독,,전체연령가,개그,웹툰,"넓고 넓은 우주 어딘가 우리가 살고 있는 지구와 똑같은 모습을 한 또 다른 지구가 존재한다.
그곳은 바로 애무지구. 애무지구의 인간들은 사랑을 하지 않는다. 
이곳에서 사랑은 질병이며 사랑을 유발하는 모든 행위는 불법이다.
이런 애무지구에 어느 날부터 원인을 알 수 없는 사랑병 환자들이 늘어나기 시작하는데...","열혈병맛개그, 판타지개그, 미래, 개그, 세계관, 4차원, SF, 감염",https://shared-comic.pstatic.net/thumb/webtoon/850666/thumbnail/thumbnail_IMAG21_e681a0cd-4d07-4734-b055-44e78a84b188.jpg,https://comic.naver.com/webtoon/list?titleId=850666
신규,naver_webtoon,완벽한 선배의 Hide!,두지,두지,두지,,15세 이용가,로맨스,웹툰,"모두에게 다정하고 친절한 엄친아 과탑 태혁 선배.
그러나 그 엄친아의 껍데기 속에는 미친 또라이 지랄남이 숨겨져 있다?

학과 동기들 중 유일하게 그 남자의 비밀을 알고 있는 여자.
그리고 그 여자에게 점점 더 집착하는 또라이 지랄남.

두 선남선녀의 조금 미묘한 대학 생활이 시작된다.","치명적인, 캠퍼스, 집착남, 로맨틱코미디, 드라마, 캠퍼스로맨스",https://shared-comic.pstatic.net/thumb/webtoon/849742/thumbnail/thumbnail_IMAG21_6f95e670-b9be-43d8-8dd7-07ac53e5b3b5.jpg,https://comic.naver.com/webtoon/list?titleId=849742
신규,naver_webtoon,망플루언서,망순,망순,망순,,18세 이용가,드라마,웹툰,"대중의 관심을 먹고 사는 빛나는 직업 '인플루언서!'
보여지는 모습과 달리 그들의 숨겨진 추악한 비밀들을 폭로하는 유명 렉카 너튜브 채널 '셀럽 쓰레기통'
그 채널을 운영하는 두 여자, 선미와 주원의 이야기.
""거짓으로 돈을 버는 건 당신들이나 우리나 똑같아""","고자극드라마, 우정, 참교육, 집착물, 소꿉친구, 계략녀",https://shared-comic.pstatic.net/thumb/webtoon/850526/thumbnail/thumbnail_IMAG21_7727c256-0b3a-4243-b3cf-fbfec5bfb984.jpg,https://comic.naver.com/webtoon/list?titleId=850526
신규,naver_webtoon,아가씨와 유모,게으른토끼,게으른토끼,게으른토끼,,15세 이용가,판타지,웹툰,"'흉내쟁이 민달팽이를 아십니까?' 신비동물 연구자인 주인공은 수상한 편지를 받는다.
상대의 모습으로 변신하는 흉내쟁이 민달팽이를 이용해 죽은 딸이 살아난 것처럼 꾸며달라는 의뢰였다.
불길한 마음을 안고 도착한 저택에는, '아가씨'가 주인공을 기다리고 있었다.","흑백, 인외존재",https://shared-comic.pstatic.net/thumb/webtoon/850132/thumbnail/thumbnail_IMAG21_a6de4dd4-5824-4e0f-aecf-f74618560403.jpg,https://comic.naver.com/webtoon/list?titleId=850132
신규,naver_webtoon,조선 개스키,송세현,송세현,송세현,,전체연령가,드라마,웹툰,"선천적으로 몸이 약한 폼스키 ‘베리’와 사람에게 마음을 닫은 고등학생 ‘요한’.
평소처럼 산책을 하던 중 갑작스러운 사고로 조선에 굴러떨어진다.
제주도 사투리가 구수한 전직 무관 척씨의 도움으로 머물 곳은 생겼지만, 요한은 하루빨리 현대로 돌아갈 방법만 찾으려는데...

현대 견종 베리의 등장으로 들썩이는 조선에서, 둘은 무사히 집으로 돌아갈 수 있을까?","과거, 시대물, 드라마, 성장물, 퓨전사극, 성장드라마, 동물",https://shared-comic.pstatic.net/thumb/webtoon/848861/thumbnail/thumbnail_IMAG21_3d715efd-5f20-45bb-ae17-1a7191c47d6d.jpg,https://comic.naver.com/webtoon/list?titleId=848861
신규,naver_webtoon,오매불망,2L,2L,2L,,15세 이용가,로맨스,웹툰,"""어릴 적부터 TV 속 서기현을 동경해온 채도영.

고등학교에서 재회한 기현은 상냥한 미소 뒤에 날 선 본성을 감추고 있었다.
그가 사랑하는 건 소꿉친구 김가온이었고, 기현은 그 마음을 이루기 위해 도영을 이용했다.

이용당하고 상처 입으면서도, 도영은 기현을 향한 마음을 멈추지 못한다.""","공식미남, 짝사랑남, 집착남, 후회남, 나쁜남자, 소심녀, 순정녀",https://shared-comic.pstatic.net/thumb/webtoon/849508/thumbnail/thumbnail_IMAG21_793ec38e-aa7b-4b29-84e3-972a75083502.jpg,https://comic.naver.com/webtoon/list?titleId=849508
신규,naver_webtoon,사회초년캣,잇선,잇선,잇선,,15세 이용가,일상,웹툰,"냐냐냐냥 냐냐냐냐냥냐냐냥

냐냐냥 냐냐냥 냐냐냥냐냐냥

(인간 사회에 적응해 볼게요)","컷툰, 일상개그힐링, 공감, 생존, 자본주의, 러블리, 직업드라마",https://shared-comic.pstatic.net/thumb/webtoon/850237/thumbnail/thumbnail_IMAG21_01f24e7a-b841-48fb-9b38-2787207723da.jpg,https://comic.naver.com/webtoon/list?titleId=850237
신규,naver_webtoon,챗윗미,조니조,조니조,조니조,,15세 이용가,로맨스,웹툰,"미대생 ‘수연’은 늦은 새벽 실습실에서 같은 과 동기 ‘유신’의 비밀을 목격한다.
“너… 로보트였어?” 유신은 수연의 머리에 전기 충격을 가하려다 실패하고, 수연은 그대로 기절해버린다.
그날 밤, 유신의 집에 끌려간 수연. 친구 ‘재현’과의 약속이 엇갈리며 세 사람의 운명은 서서히 틀어지기 시작하는데…
엇갈리는 청춘들의 달콤 짜릿 삼각 캠퍼스 로맨스!","첫사랑, 로맨틱코미디, 짝사랑, SF, 친구>연인, 캠퍼스로맨스",https://shared-comic.pstatic.net/thumb/webtoon/849349/thumbnail/thumbnail_IMAG21_44b54aca-03bf-4c9a-961d-9ae8c9814e69.jpg,https://comic.naver.com/webtoon/list?titleId=849349
신규,naver_webtoon,영혼을 보는 변호사,이노안,이노안,이노안,,15세 이용가,드라마,웹툰,"아버지의 죽음을 목격한 날부터 고등학생 유현재는 귀신을 보게 되고, 또한 퇴마력도 가지게 된다.
그리고, 수상한 존재 등장
- 생전에 전교 1등이었던 ‘빨간눈’의 귀신과 유현재의 만남.

""변호사가 되고 싶어. 도와줘""
“로스쿨? 내가 책임지고 보내줄게.”

귀신 '빨간눈'과 공존공생하며 변호사가 된 유현재.
그는 아버지처럼 억울한 일울 당한 사람들을 돕기 위한 좋은 변호사의 길을 선택한다.
산 자의 무죄를 밝히고 죽은 자의 진실을 전하기 위해,
그들에게 '영혼을 보는 변호사'가 찾아간다.","현대판타지, 감성적인, 사회고발, 법정드라마, 직업드라마, 소설원작",https://shared-comic.pstatic.net/thumb/webtoon/850022/thumbnail/thumbnail_IMAG21_b8d718b4-bf79-4994-99c5-c9b5fdffa5e9.jpg,https://comic.naver.com/webtoon/list?titleId=850022
신규,naver_webtoon,0의 온도,0g,0g,0g,,15세 이용가,로맨스,웹툰,"고1때부터 자신을 따라다니던 영혼 '0'과 사랑에 빠진 민경희.
그녀는 성인이 되자마자 '0'과 영혼결혼식을 올리고, '0'이 머물 수 있는 '몸'을 만들어 주기로 약속한다.
그러나 만질 수 없는 것을 탐하게 된 대가가 따르는데...","로맨스릴러, 2025 연재직행열차, 오컬트판타지, 오컬트, 빙의",https://shared-comic.pstatic.net/thumb/webtoon/850650/thumbnail/thumbnail_IMAG21_d8129def-d083-4291-986f-919f74be4ff4.jpg,https://comic.naver.com/webtoon/list?titleId=850650
신규,naver_webtoon,아리도록,잔디롤빵,잔디롤빵,잔디롤빵,,15세 이용가,로맨스,웹툰,"5년 만에 다시 만난 첫사랑, 주아린.
그 애는 왜 이렇게 변해버린 걸까?","순애남, 러브코미디, 감성적인, 설렘폭발, 첫사랑, 순정남, 사연녀",https://shared-comic.pstatic.net/thumb/webtoon/849736/thumbnail/thumbnail_IMAG21_dedcc8fc-7230-4a58-a0c9-82d44cfe6391.jpg,https://comic.naver.com/webtoon/list?titleId=849736
신규,naver_webtoon,재혼 황후,히어리,히어리,히어리,,15세 이용가,로맨스,웹툰,"동대제국의 완벽한 황후였던 나비에.
황제인 남편이 정부를 황후로 만들려는 것을 알고 이혼을 택한다. 그리고 결심한다.
이곳에서 황후가 될 수 없다면 다른 곳에서 황후가 되겠다고.
인기 웹소설 '재혼 황후'가 웹툰화되다!","사연녀, 다정남, 후회물, 궁중로맨스, 혐관로맨스, 직진남, 이세계",https://shared-comic.pstatic.net/thumb/webtoon/735661/thumbnail/thumbnail_IMAG21_2e35b4aa-4459-42fd-84a8-eae732910422.jpg,https://comic.naver.com/webtoon/list?titleId=735661
신규,kakao_page,나 혼자만 레벨업,"추공, 현군, 장성락(REDICE STUDIO)",현군,장성락(REDICE STUDIO),추공,전체연령가,판타지,웹툰,"10여 년 전, 다른 차원과 이쪽 세계를 이어 주는 통로 ‘게이트’가 열리고 평범한 이들 중 각성한 자들이 생겨났다.게이트 안의 던전에서 마물을 사냥하는 각성자.그들을 일컬어 ‘헌터’라 부른다.그러나 모든 헌터가 강한 것은 아니다.내 이름은 성진우.E급 헌터다. 저급 던전에서조차 죽을 고비를 넘겨야 하는‘인류 최약병기’. 무엇 하나 내세울 것 없는 형편에저급 던전으로 근근이 생계를 이어가던 그는,D급 던전 속에 숨겨진 최악의 난이도의 이중 던전을 만난다.그리고 결국… 죽음을 맞이하려던 순간,그는 기이한 능력을 얻게 된다. 오직 그에게만 보이는 게임 퀘스트 창!오직 그만이 알게 된 레벨 업의 비밀!퀘스트를 따라 수련하고몬스터를 사냥하면 레벨이 오른다.오직 그 혼자만! 최약체 헌터에서 최강 헌터로 각성하다!추공 작가의 인기 판무 소설 <나 혼자만 레벨업>이웹툰으로 드디어 등장!************************************************[표지 및 로고 디자인] 디자인그룹 헌드레드************************************************웹툰 [나 혼자만 레벨업]은 매주 목요일, 주1회 연재됩니다.","생존, 먼치킨, 시스템, 천재, 노력, 성장, 이능력, 플레이어",https://page-images.kakaoentcdn.com/download/resource?kid=Cf0LJ/hynaH4y8E5/l5Qk7VWfAsyYkE8yKmRFdk&filename=o1/dims/resize/384,https://page.kakao.com/content/50866481
